COUNTRY,DEPLOYMENT DATE,DEPLOYMENT LAT,DEPLOYMENT LON,LAST LOCATION DATE,MODEL,NAME,NETWORKS,OBSERVING NETWORKS,PROGRAM,REF,SERIAL NUMBER,STATUS,TYPE
Unknown,2019-10-12T00:00:00,-49.348,70.218,2019-12-27T23:10:00,CTD-SRDL,,OceanOPS,OceanOPS,MEOP,9901275,,REGISTERED,MEOP-CTD
Unknown,2019-10-12T00:00:00,-49.348,70.218,2019-12-30T23:00:00,CTD-SRDL,,OceanOPS,OceanOPS,MEOP,9901260,,REGISTERED,MEOP-CTD
Unknown,2019-10-12T00:00:00,-49.348,70.218,2019-11-03T22:30:00,CTD-SRDL,,OceanOPS,OceanOPS,MEOP,9901279,,REGISTERED,MEOP-CTD
Unknown,2019-02-20T00:00:00,-77.85,166.67,2019-07-28T09:30:00,CTD-SRDL,,OceanOPS,OceanOPS,MEOP,9901209,,REGISTERED,MEOP-CTD
Unknown,2019-02-20T00:00:00,-77.85,166.67,2019-05-11T02:40:00,CTD-SRDL,,OceanOPS,OceanOPS,MEOP,9901208,,REGISTERED,MEOP-CTD
Unknown,2019-02-20T00:00:00,-77.85,166.67,2019-05-21T03:20:00,CTD-SRDL,,OceanOPS,OceanOPS,MEOP,9901197,,REGISTERED,MEOP-CTD
Unknown,2019-02-20T00:00:00,-77.85,166.67,2019-03-11T14:00:00,CTD-SRDL,,OceanOPS,OceanOPS,MEOP,9901198,,REGISTERED,MEOP-CTD
Unknown,2019-02-20T00:00:00,-77.85,166.67,2019-08-23T17:30:00,CTD-SRDL,,OceanOPS,OceanOPS,MEOP,9901193,,REGISTERED,MEOP-CTD
Unknown,2019-02-20T00:00:00,-77.85,166.67,2019-10-29T08:10:00,CTD-SRDL,,OceanOPS,OceanOPS,MEOP,9901207,,REGISTERED,MEOP-CTD
Unknown,2019-02-20T00:00:00,-77.85,166.67,2019-10-13T04:10:00,CTD-SRDL,,OceanOPS,OceanOPS,MEOP,9901192,,REGISTERED,MEOP-CTD
Unknown,2019-02-20T00:00:00,-77.85,166.67,2019-07-27T08:10:00,CTD-SRDL,,OceanOPS,OceanOPS,MEOP,9901206,,REGISTERED,MEOP-CTD
Unknown,2019-02-20T00:00:00,-77.85,166.67,2019-06-27T20:10:00,CTD-SRDL,,OceanOPS,OceanOPS,MEOP,9901199,,REGISTERED,MEOP-CTD
Unknown,2019-02-20T00:00:00,-77.85,166.67,2019-06-12T14:20:00,CTD-SRDL,,OceanOPS,OceanOPS,MEOP,9901205,,REGISTERED,MEOP-CTD
Unknown,2019-02-20T00:00:00,-77.85,166.67,2019-05-22T04:40:00,CTD-SRDL,,OceanOPS,OceanOPS,MEOP,9901191,,REGISTERED,MEOP-CTD
Unknown,2019-02-20T00:00:00,-77.85,166.67,2019-10-10T16:50:00,CTD-SRDL,,OceanOPS,OceanOPS,MEOP,9901204,,REGISTERED,MEOP-CTD
Unknown,2019-02-20T00:00:00,-77.85,166.67,2019-08-17T10:30:00,CTD-SRDL,,OceanOPS,OceanOPS,MEOP,9901214,,REGISTERED,MEOP-CTD
Unknown,2019-02-20T00:00:00,-77.85,166.67,2019-04-24T01:00:00,CTD-SRDL,,OceanOPS,OceanOPS,MEOP,9901203,,REGISTERED,MEOP-CTD
Unknown,2019-02-20T00:00:00,-77.85,166.67,2019-06-11T09:00:00,CTD-SRDL,,OceanOPS,OceanOPS,MEOP,9901202,,REGISTERED,MEOP-CTD
Unknown,2019-02-20T00:00:00,-77.85,166.67,2019-09-28T08:20:00,CTD-SRDL,,OceanOPS,OceanOPS,MEOP,9901201,,REGISTERED,MEOP-CTD
Unknown,2019-02-20T00:00:00,-77.85,166.67,2019-09-01T01:30:00,CTD-SRDL,,OceanOPS,OceanOPS,MEOP,9901200,,REGISTERED,MEOP-CTD
Unknown,2018-12-20T00:00:00,-49.348,70.218,2019-01-16T01:00:00,CTD-SRDL,,OceanOPS,OceanOPS,MEOP,9901160,,REGISTERED,MEOP-CTD
Unknown,2018-12-20T00:00:00,-49.348,70.218,2019-06-22T04:20:00,CTD-SRDL,,OceanOPS,OceanOPS,MEOP,9901145,,REGISTERED,MEOP-CTD
Unknown,2018-12-20T00:00:00,-49.348,70.218,2019-03-08T13:00:00,CTD-SRDL,,OceanOPS,OceanOPS,MEOP,9901144,,REGISTERED,MEOP-CTD
Unknown,2018-12-20T00:00:00,-49.348,70.218,2019-08-27T07:10:00,CTD-SRDL,,OceanOPS,OceanOPS,MEOP,9901136,,REGISTERED,MEOP-CTD
Unknown,2018-12-20T00:00:00,-49.348,70.218,2019-08-27T11:10:00,CTD-SRDL,,OceanOPS,OceanOPS,MEOP,9901143,,REGISTERED,MEOP-CTD
Unknown,2018-12-20T00:00:00,-49.348,70.218,2019-10-15T10:20:00,CTD-SRDL,,OceanOPS,OceanOPS,MEOP,9901135,,REGISTERED,MEOP-CTD
Unknown,2018-12-20T00:00:00,-49.348,70.218,2019-09-25T20:20:00,CTD-SRDL,,OceanOPS,OceanOPS,MEOP,9901166,,REGISTERED,MEOP-CTD
Unknown,2018-12-20T00:00:00,-49.348,70.218,2019-06-22T05:10:00,CTD-SRDL,,OceanOPS,OceanOPS,MEOP,9901134,,REGISTERED,MEOP-CTD
Unknown,2018-12-20T00:00:00,-49.348,70.218,2019-03-14T13:00:00,CTD-SRDL,,OceanOPS,OceanOPS,MEOP,9901142,,REGISTERED,MEOP-CTD
Unknown,2018-12-20T00:00:00,-49.348,70.218,2019-09-23T13:10:00,CTD-SRDL,,OceanOPS,OceanOPS,MEOP,9901173,,REGISTERED,MEOP-CTD
Unknown,2018-12-20T00:00:00,-49.348,70.218,2019-09-19T10:50:00,CTD-SRDL,,OceanOPS,OceanOPS,MEOP,9901174,,REGISTERED,MEOP-CTD
Unknown,2018-12-20T00:00:00,-49.348,70.218,2019-04-28T15:00:00,CTD-SRDL,,OceanOPS,OceanOPS,MEOP,9901152,,REGISTERED,MEOP-CTD
Unknown,2018-12-20T00:00:00,-49.348,70.218,2019-09-30T23:00:00,CTD-SRDL,,OceanOPS,OceanOPS,MEOP,9901167,,REGISTERED,MEOP-CTD
Unknown,2018-12-20T00:00:00,-49.348,70.218,2019-11-19T13:00:00,CTD-SRDL,,OceanOPS,OceanOPS,MEOP,9901168,,REGISTERED,MEOP-CTD
Unknown,2018-12-20T00:00:00,-49.348,70.218,2019-09-19T16:40:00,CTD-SRDL,,OceanOPS,OceanOPS,MEOP,9901175,,REGISTERED,MEOP-CTD
Unknown,2018-12-20T00:00:00,-49.348,70.218,2019-02-22T05:30:00,CTD-SRDL,,OceanOPS,OceanOPS,MEOP,9901177,,REGISTERED,MEOP-CTD
Unknown,2018-12-20T00:00:00,-49.348,70.218,2019-02-27T11:30:00,CTD-SRDL,,OceanOPS,OceanOPS,MEOP,9901171,,REGISTERED,MEOP-CTD
Unknown,2018-12-20T00:00:00,-49.348,70.218,2019-09-29T13:30:00,CTD-SRDL,,OceanOPS,OceanOPS,MEOP,9901133,,REGISTERED,MEOP-CTD
Unknown,2018-12-20T00:00:00,-49.348,70.218,2019-10-13T09:40:00,CTD-SRDL,,OceanOPS,OceanOPS,MEOP,9901159,,REGISTERED,MEOP-CTD
Unknown,2018-12-20T00:00:00,-49.348,70.218,2019-09-13T07:20:00,CTD-SRDL,,OceanOPS,OceanOPS,MEOP,9901151,,REGISTERED,MEOP-CTD
Unknown,2018-12-20T00:00:00,-49.348,70.218,2019-05-17T15:20:00,CTD-SRDL,,OceanOPS,OceanOPS,MEOP,9901179,,REGISTERED,MEOP-CTD
Unknown,2018-12-20T00:00:00,-49.348,70.218,2019-07-13T17:40:00,CTD-SRDL,,OceanOPS,OceanOPS,MEOP,9901132,,REGISTERED,MEOP-CTD
Unknown,2018-12-20T00:00:00,-49.348,70.218,2019-06-17T13:30:00,CTD-SRDL,,OceanOPS,OceanOPS,MEOP,9901131,,REGISTERED,MEOP-CTD
Unknown,2018-12-20T00:00:00,-49.348,70.218,2019-07-30T22:30:00,CTD-SRDL,,OceanOPS,OceanOPS,MEOP,9901130,,REGISTERED,MEOP-CTD
Unknown,2018-12-20T00:00:00,-49.348,70.218,2019-05-13T23:40:00,CTD-SRDL,,OceanOPS,OceanOPS,MEOP,9901170,,REGISTERED,MEOP-CTD
Unknown,2018-12-20T00:00:00,-49.348,70.218,2019-11-07T17:20:00,CTD-SRDL,,OceanOPS,OceanOPS,MEOP,9901169,,REGISTERED,MEOP-CTD
Unknown,2018-12-20T00:00:00,-49.348,70.218,2019-09-17T23:40:00,CTD-SRDL,,OceanOPS,OceanOPS,MEOP,9901172,,REGISTERED,MEOP-CTD
Unknown,2018-12-20T00:00:00,-49.348,70.218,2019-09-18T01:10:00,CTD-SRDL,,OceanOPS,OceanOPS,MEOP,9901150,,REGISTERED,MEOP-CTD
Unknown,2018-12-20T00:00:00,-49.348,70.218,2019-04-19T21:40:00,CTD-SRDL,,OceanOPS,OceanOPS,MEOP,9901149,,REGISTERED,MEOP-CTD
Unknown,2018-12-20T00:00:00,-49.348,70.218,2019-01-09T08:10:00,CTD-SRDL,,OceanOPS,OceanOPS,MEOP,9901148,,REGISTERED,MEOP-CTD
Unknown,2018-12-20T00:00:00,-49.348,70.218,2019-10-30T07:40:00,CTD-SRDL,,OceanOPS,OceanOPS,MEOP,9901147,,REGISTERED,MEOP-CTD
Unknown,2018-12-20T00:00:00,-49.348,70.218,2019-10-15T13:10:00,CTD-SRDL,,OceanOPS,OceanOPS,MEOP,9901158,,REGISTERED,MEOP-CTD
Unknown,2018-12-20T00:00:00,-49.348,70.218,2019-09-23T13:20:00,CTD-SRDL,,OceanOPS,OceanOPS,MEOP,9901129,,REGISTERED,MEOP-CTD
Unknown,2018-12-20T00:00:00,-49.348,70.218,2019-08-05T13:20:00,CTD-SRDL,,OceanOPS,OceanOPS,MEOP,9901146,,REGISTERED,MEOP-CTD
Unknown,2018-12-20T00:00:00,-49.348,70.218,2019-09-19T16:40:00,CTD-SRDL,,OceanOPS,OceanOPS,MEOP,9901157,,REGISTERED,MEOP-CTD
Unknown,2019-02-10T00:00:00,-73.856,-103.03,2019-04-13T19:20:00,CTD-SRDL,,OceanOPS,OceanOPS,MEOP,9901216,,REGISTERED,MEOP-CTD
Unknown,2019-02-10T00:00:00,-73.856,-103.03,2019-06-09T22:20:00,CTD-SRDL,,OceanOPS,OceanOPS,MEOP,9901219,,REGISTERED,MEOP-CTD
Unknown,2019-02-10T00:00:00,-73.856,-103.03,2019-10-02T01:00:00,CTD-SRDL,,OceanOPS,OceanOPS,MEOP,9901213,,REGISTERED,MEOP-CTD
Unknown,2019-02-10T00:00:00,-73.856,-103.03,2019-03-12T01:30:00,CTD-SRDL,,OceanOPS,OceanOPS,MEOP,9901220,,REGISTERED,MEOP-CTD
Unknown,2019-02-10T00:00:00,-73.856,-103.03,2019-05-28T14:20:00,CTD-SRDL,,OceanOPS,OceanOPS,MEOP,9901187,,REGISTERED,MEOP-CTD
Unknown,2019-02-10T00:00:00,-73.856,-103.03,2019-07-19T23:20:00,CTD-SRDL,,OceanOPS,OceanOPS,MEOP,9901215,,REGISTERED,MEOP-CTD
Unknown,2019-02-10T00:00:00,-73.856,-103.03,2019-02-22T00:00:00,CTD-SRDL,,OceanOPS,OceanOPS,MEOP,9901186,,REGISTERED,MEOP-CTD
Unknown,2019-02-10T00:00:00,-73.856,-103.03,2019-08-06T20:10:00,CTD-SRDL,,OceanOPS,OceanOPS,MEOP,9901217,,REGISTERED,MEOP-CTD
Unknown,2019-02-10T00:00:00,-73.856,-103.03,2019-08-24T05:30:00,CTD-SRDL,,OceanOPS,OceanOPS,MEOP,9901218,,REGISTERED,MEOP-CTD
Unknown,2019-02-10T00:00:00,-73.856,-103.03,2019-08-24T16:50:00,CTD-SRDL,,OceanOPS,OceanOPS,MEOP,9901185,,REGISTERED,MEOP-CTD
Unknown,2019-02-10T00:00:00,-73.856,-103.03,2019-03-17T04:00:00,CTD-SRDL,,OceanOPS,OceanOPS,MEOP,9901212,,REGISTERED,MEOP-CTD
Unknown,2019-02-10T00:00:00,-73.856,-103.03,2019-12-04T14:50:00,CTD-SRDL,,OceanOPS,OceanOPS,MEOP,9901184,,REGISTERED,MEOP-CTD
Unknown,2018-10-10T00:00:00,-49.348,70.218,2019-08-18T07:20:00,CTD-SRDL,,OceanOPS,OceanOPS,MEOP,9901155,,REGISTERED,MEOP-CTD
Unknown,2018-10-10T00:00:00,-49.348,70.218,2019-10-16T08:10:00,CTD-SRDL,,OceanOPS,OceanOPS,MEOP,9901176,,REGISTERED,MEOP-CTD
Unknown,2018-10-10T00:00:00,-49.348,70.218,2019-08-07T13:30:00,CTD-SRDL,,OceanOPS,OceanOPS,MEOP,9901163,,REGISTERED,MEOP-CTD
Unknown,2018-10-10T00:00:00,-49.348,70.218,2019-09-29T13:00:00,CTD-SRDL,,OceanOPS,OceanOPS,MEOP,9901138,,REGISTERED,MEOP-CTD
Unknown,2018-10-10T00:00:00,-49.348,70.218,2019-09-28T10:00:00,CTD-SRDL,,OceanOPS,OceanOPS,MEOP,9901165,,REGISTERED,MEOP-CTD
Unknown,2018-10-10T00:00:00,-49.348,70.218,2019-08-23T13:20:00,CTD-SRDL,,OceanOPS,OceanOPS,MEOP,9901164,,REGISTERED,MEOP-CTD
Unknown,2018-10-10T00:00:00,-49.348,70.218,2019-09-28T21:10:00,CTD-SRDL,,OceanOPS,OceanOPS,MEOP,9901162,,REGISTERED,MEOP-CTD
Unknown,2018-10-10T00:00:00,-49.348,70.218,2019-04-01T03:10:00,CTD-SRDL,,OceanOPS,OceanOPS,MEOP,9901137,,REGISTERED,MEOP-CTD
Unknown,2018-10-10T00:00:00,-49.348,70.218,2019-10-23T07:20:00,CTD-SRDL,,OceanOPS,OceanOPS,MEOP,9901161,,REGISTERED,MEOP-CTD
Unknown,2018-10-10T00:00:00,-49.348,70.218,2019-09-28T18:10:00,CTD-SRDL,,OceanOPS,OceanOPS,MEOP,9901156,,REGISTERED,MEOP-CTD
Unknown,2019-11-20T00:00:00,-66.658,140.03,2020-01-01T22:10:00,CTD-SRDL,,OceanOPS,OceanOPS,MEOP,9901287,,REGISTERED,MEOP-CTD
Unknown,2019-11-20T00:00:00,-66.658,140.03,2019-12-29T07:10:00,CTD-SRDL,,OceanOPS,OceanOPS,MEOP,9901286,,REGISTERED,MEOP-CTD
Unknown,2019-11-20T00:00:00,-66.658,140.03,2019-12-07T21:20:00,CTD-SRDL,,OceanOPS,OceanOPS,MEOP,9901285,,REGISTERED,MEOP-CTD
Unknown,2019-11-20T00:00:00,-66.658,140.03,2019-12-04T23:00:00,CTD-SRDL,,OceanOPS,OceanOPS,MEOP,9901284,,REGISTERED,MEOP-CTD
Unknown,2019-11-20T00:00:00,-66.658,140.03,2020-01-06T23:30:00,CTD-SRDL,,OceanOPS,OceanOPS,MEOP,9901283,,REGISTERED,MEOP-CTD
Unknown,2019-11-20T00:00:00,-66.658,140.03,2019-12-18T10:50:00,CTD-SRDL,,OceanOPS,OceanOPS,MEOP,9901282,,REGISTERED,MEOP-CTD
Unknown,2019-11-20T00:00:00,-66.658,140.03,2020-01-07T09:30:00,CTD-SRDL,,OceanOPS,OceanOPS,MEOP,9901280,,REGISTERED,MEOP-CTD
Unknown,2019-11-20T00:00:00,-66.658,140.03,2019-12-21T23:20:00,CTD-SRDL,,OceanOPS,OceanOPS,MEOP,9901281,,REGISTERED,MEOP-CTD
Unknown,2020-02-06T00:00:00,-66.658,140.03,2020-03-07T03:40:00,CTD-SRDL,,OceanOPS,OceanOPS,MEOP,9901352,,REGISTERED,MEOP-CTD
Unknown,2020-02-06T00:00:00,-66.658,140.03,2020-06-09T07:50:00,CTD-SRDL,,OceanOPS,OceanOPS,MEOP,9901358,,REGISTERED,MEOP-CTD
Unknown,2020-02-06T00:00:00,-66.658,140.03,2020-02-17T07:00:00,CTD-SRDL,,OceanOPS,OceanOPS,MEOP,9901359,,REGISTERED,MEOP-CTD
Unknown,2020-02-06T00:00:00,-66.658,140.03,2020-05-13T04:20:00,CTD-SRDL,,OceanOPS,OceanOPS,MEOP,9901355,,REGISTERED,MEOP-CTD
Unknown,2020-02-06T00:00:00,-66.658,140.03,2020-07-13T07:20:00,CTD-SRDL,,OceanOPS,OceanOPS,MEOP,9901354,,REGISTERED,MEOP-CTD
Unknown,2020-02-06T00:00:00,-66.658,140.03,2020-07-10T16:10:00,CTD-SRDL,,OceanOPS,OceanOPS,MEOP,9901353,,REGISTERED,MEOP-CTD
Unknown,2020-02-06T00:00:00,-66.658,140.03,2020-06-24T23:40:00,CTD-SRDL,,OceanOPS,OceanOPS,MEOP,9901350,,REGISTERED,MEOP-CTD
Unknown,2020-02-06T00:00:00,-66.658,140.03,2020-07-16T07:20:00,CTD-SRDL,,OceanOPS,OceanOPS,MEOP,9901351,,REGISTERED,MEOP-CTD
Unknown,2019-02-03T00:00:00,-76.8,-36,2019-06-14T23:20:00,CTD-SRDL,,OceanOPS,OceanOPS,MEOP,9901181,,REGISTERED,MEOP-CTD
Unknown,2019-02-05T00:00:00,-76.8,-36,2019-05-17T14:50:00,CTD-SRDL,,OceanOPS,OceanOPS,MEOP,9901183,,REGISTERED,MEOP-CTD
Unknown,2019-02-03T00:00:00,-76.8,-36,2019-06-11T15:50:00,CTD-SRDL,,OceanOPS,OceanOPS,MEOP,9901178,,REGISTERED,MEOP-CTD
Unknown,2019-02-03T00:00:00,-76.8,-36,2019-05-09T21:10:00,CTD-SRDL,,OceanOPS,OceanOPS,MEOP,9901180,,REGISTERED,MEOP-CTD
Unknown,2019-02-03T00:00:00,-76.8,-36,2019-03-14T22:30:00,CTD-SRDL,,OceanOPS,OceanOPS,MEOP,9901182,,REGISTERED,MEOP-CTD
Unknown,2019-02-07T00:00:00,-76.8,-36,2019-06-13T17:20:00,CTD-SRDL,,OceanOPS,OceanOPS,MEOP,9901190,,REGISTERED,MEOP-CTD
Unknown,2019-02-07T00:00:00,-76.8,-36,2019-05-23T23:30:00,CTD-SRDL,,OceanOPS,OceanOPS,MEOP,9901189,,REGISTERED,MEOP-CTD
Unknown,2019-02-10T00:00:00,-76.8,-36,2019-03-16T02:00:00,CTD-SRDL,,OceanOPS,OceanOPS,MEOP,9901188,,REGISTERED,MEOP-CTD
Unknown,2018-12-20T00:00:00,-49.348,70.218,2019-03-09T05:10:00,CTD-SRDL,,OceanOPS,OceanOPS,MEOP,9901141,,REGISTERED,MEOP-CTD
Unknown,2018-12-20T00:00:00,-49.348,70.218,2019-08-18T14:00:00,CTD-SRDL,,OceanOPS,OceanOPS,MEOP,9901140,,REGISTERED,MEOP-CTD
Unknown,2018-12-20T00:00:00,-49.348,70.218,2019-10-28T10:50:00,CTD-SRDL,,OceanOPS,OceanOPS,MEOP,9901154,,REGISTERED,MEOP-CTD
Unknown,2018-12-20T00:00:00,-49.348,70.218,2019-11-03T14:30:00,CTD-SRDL,,OceanOPS,OceanOPS,MEOP,9901139,,REGISTERED,MEOP-CTD
Unknown,2018-12-20T00:00:00,-49.348,70.218,2019-03-23T11:00:00,CTD-SRDL,,OceanOPS,OceanOPS,MEOP,9901153,,REGISTERED,MEOP-CTD
Unknown,2020-01-27T00:00:00,-49.348,70.218,2020-07-15T19:40:00,CTD-SRDL,,OceanOPS,OceanOPS,MEOP,9901342,,REGISTERED,MEOP-CTD
Unknown,2020-01-27T00:00:00,-49.348,70.218,2020-02-20T20:10:00,CTD-SRDL,,OceanOPS,OceanOPS,MEOP,9901341,,REGISTERED,MEOP-CTD
Unknown,2019-12-30T00:00:00,-49.348,70.218,2020-07-16T05:20:00,CTD-SRDL,,OceanOPS,OceanOPS,MEOP,9901336,,REGISTERED,MEOP-CTD
Unknown,2020-01-25T00:00:00,-49.348,70.218,2020-07-12T13:20:00,CTD-SRDL,,OceanOPS,OceanOPS,MEOP,9901378,,REGISTERED,MEOP-CTD
Unknown,2019-12-24T00:00:00,-49.348,70.218,2020-04-20T23:20:00,CTD-SRDL,,OceanOPS,OceanOPS,MEOP,9901307,,REGISTERED,MEOP-CTD
Unknown,2019-12-30T00:00:00,-49.348,70.218,2020-04-29T08:20:00,CTD-SRDL,,OceanOPS,OceanOPS,MEOP,9901340,,REGISTERED,MEOP-CTD
Unknown,2020-02-08T00:00:00,-49.27,70.54,2020-07-15T00:18:00,CTD-SRDL,,OceanOPS,OceanOPS,MEOP,9901377,,REGISTERED,MEOP-CTD
Unknown,2020-02-01T00:00:00,-49.27,70.54,2020-07-16T14:33:00,CTD-SRDL,,OceanOPS,OceanOPS,MEOP,9901356,,REGISTERED,MEOP-CTD
Unknown,2020-02-12T00:00:00,-49.27,70.54,2020-07-15T15:06:00,CTD-SRDL,,OceanOPS,OceanOPS,MEOP,9901357,,REGISTERED,MEOP-CTD
Unknown,2020-02-12T00:00:00,-49.27,70.54,2020-07-14T14:18:00,CTD-SRDL,,OceanOPS,OceanOPS,MEOP,9901363,,REGISTERED,MEOP-CTD
Unknown,2019-12-24T00:00:00,-49.348,70.218,2020-07-13T10:00:00,CTD-SRDL,,OceanOPS,OceanOPS,MEOP,9901328,,REGISTERED,MEOP-CTD
Unknown,2019-12-24T00:00:00,-49.348,70.218,2020-01-01T04:50:00,CTD-SRDL,,OceanOPS,OceanOPS,MEOP,9901308,,REGISTERED,MEOP-CTD
Unknown,2019-12-24T00:00:00,-49.348,70.218,2020-07-14T20:20:00,CTD-SRDL,,OceanOPS,OceanOPS,MEOP,9901325,,REGISTERED,MEOP-CTD
Unknown,2019-12-24T00:00:00,-49.348,70.218,2020-04-24T09:00:00,CTD-SRDL,,OceanOPS,OceanOPS,MEOP,9901290,,REGISTERED,MEOP-CTD
Unknown,2019-12-24T00:00:00,-49.348,70.218,2020-02-03T08:20:00,CTD-SRDL,,OceanOPS,OceanOPS,MEOP,9901320,,REGISTERED,MEOP-CTD
Unknown,2019-12-24T00:00:00,-49.348,70.218,2020-01-15T19:20:00,CTD-SRDL,,OceanOPS,OceanOPS,MEOP,9901306,,REGISTERED,MEOP-CTD
Unknown,2019-12-24T00:00:00,-49.348,70.218,2020-06-12T16:10:00,CTD-SRDL,,OceanOPS,OceanOPS,MEOP,9901305,,REGISTERED,MEOP-CTD
Unknown,2019-12-24T00:00:00,-49.348,70.218,2020-04-26T01:30:00,CTD-SRDL,,OceanOPS,OceanOPS,MEOP,9901304,,REGISTERED,MEOP-CTD
Unknown,2019-12-24T00:00:00,-49.348,70.218,2020-01-26T10:10:00,CTD-SRDL,,OceanOPS,OceanOPS,MEOP,9901310,,REGISTERED,MEOP-CTD
Unknown,2019-12-24T00:00:00,-49.348,70.218,2020-04-15T02:00:00,CTD-SRDL,,OceanOPS,OceanOPS,MEOP,9901312,,REGISTERED,MEOP-CTD
Unknown,2019-12-24T00:00:00,-49.348,70.218,2020-04-20T16:40:00,CTD-SRDL,,OceanOPS,OceanOPS,MEOP,9901303,,REGISTERED,MEOP-CTD
Unknown,2020-01-03T00:00:00,-49.348,70.218,2020-05-31T20:00:00,CTD-SRDL,,OceanOPS,OceanOPS,MEOP,9901324,,REGISTERED,MEOP-CTD
Unknown,2020-01-03T00:00:00,-49.348,70.218,2020-07-01T07:20:00,CTD-SRDL,,OceanOPS,OceanOPS,MEOP,9901318,,REGISTERED,MEOP-CTD
Unknown,2019-12-24T00:00:00,-49.348,70.218,2020-05-19T04:00:00,CTD-SRDL,,OceanOPS,OceanOPS,MEOP,9901302,,REGISTERED,MEOP-CTD
Unknown,2019-12-24T00:00:00,-49.348,70.218,2020-04-30T22:00:00,CTD-SRDL,,OceanOPS,OceanOPS,MEOP,9901314,,REGISTERED,MEOP-CTD
Unknown,2019-12-24T00:00:00,-49.348,70.218,2020-04-27T21:10:00,CTD-SRDL,,OceanOPS,OceanOPS,MEOP,9901301,,REGISTERED,MEOP-CTD
Unknown,2019-12-24T00:00:00,-49.348,70.218,2020-07-16T01:30:00,CTD-SRDL,,OceanOPS,OceanOPS,MEOP,9901311,,REGISTERED,MEOP-CTD
Unknown,2020-01-03T00:00:00,-49.348,70.218,2020-03-15T02:50:00,CTD-SRDL,,OceanOPS,OceanOPS,MEOP,9901315,,REGISTERED,MEOP-CTD
Unknown,2019-12-24T00:00:00,-49.348,70.218,2020-07-05T01:00:00,CTD-SRDL,,OceanOPS,OceanOPS,MEOP,9901300,,REGISTERED,MEOP-CTD
Unknown,2020-01-03T00:00:00,-49.348,70.218,2020-05-08T05:30:00,CTD-SRDL,,OceanOPS,OceanOPS,MEOP,9901319,,REGISTERED,MEOP-CTD
Unknown,2019-12-24T00:00:00,-49.348,70.218,2020-07-15T18:40:00,CTD-SRDL,,OceanOPS,OceanOPS,MEOP,9901299,,REGISTERED,MEOP-CTD
Unknown,2019-10-24T00:00:00,-49.348,70.218,2020-04-10T19:10:00,CTD-SRDL,,OceanOPS,OceanOPS,MEOP,9901348,,REGISTERED,MEOP-CTD
Unknown,2019-12-24T00:00:00,-49.348,70.218,2020-05-15T19:30:00,CTD-SRDL,,OceanOPS,OceanOPS,MEOP,9901298,,REGISTERED,MEOP-CTD
Unknown,2020-01-03T00:00:00,-49.348,70.218,2020-01-27T02:20:00,CTD-SRDL,,OceanOPS,OceanOPS,MEOP,9901316,,REGISTERED,MEOP-CTD
Unknown,2019-12-24T00:00:00,-49.348,70.218,2020-04-22T22:10:00,CTD-SRDL,,OceanOPS,OceanOPS,MEOP,9901297,,REGISTERED,MEOP-CTD
Unknown,2019-12-24T00:00:00,-49.348,70.218,2020-02-25T06:10:00,CTD-SRDL,,OceanOPS,OceanOPS,MEOP,9901327,,REGISTERED,MEOP-CTD
Unknown,2019-12-24T00:00:00,-49.348,70.218,2020-07-15T20:40:00,CTD-SRDL,,OceanOPS,OceanOPS,MEOP,9901296,,REGISTERED,MEOP-CTD
Unknown,2019-12-24T00:00:00,-49.348,70.218,2020-07-16T07:20:00,CTD-SRDL,,OceanOPS,OceanOPS,MEOP,9901295,,REGISTERED,MEOP-CTD
Unknown,2019-12-24T00:00:00,-49.348,70.218,2020-06-05T20:20:00,CTD-SRDL,,OceanOPS,OceanOPS,MEOP,9901334,,REGISTERED,MEOP-CTD
Unknown,2019-12-24T00:00:00,-49.348,70.218,2020-07-16T03:00:00,CTD-SRDL,,OceanOPS,OceanOPS,MEOP,9901294,,REGISTERED,MEOP-CTD
Unknown,2019-12-24T00:00:00,-49.348,70.218,2020-03-05T03:50:00,CTD-SRDL,,OceanOPS,OceanOPS,MEOP,9901293,,REGISTERED,MEOP-CTD
Unknown,2019-12-24T00:00:00,-49.348,70.218,2020-03-12T13:40:00,CTD-SRDL,,OceanOPS,OceanOPS,MEOP,9901292,,REGISTERED,MEOP-CTD
Unknown,2020-01-03T00:00:00,-49.348,70.218,2020-07-16T09:40:00,CTD-SRDL,,OceanOPS,OceanOPS,MEOP,9901313,,REGISTERED,MEOP-CTD
Unknown,2020-01-03T00:00:00,-49.348,70.218,2020-04-06T19:30:00,CTD-SRDL,,OceanOPS,OceanOPS,MEOP,9901321,,REGISTERED,MEOP-CTD
Unknown,2020-01-24T00:00:00,-49.348,70.218,2020-07-15T01:10:00,CTD-SRDL,,OceanOPS,OceanOPS,MEOP,9901343,,REGISTERED,MEOP-CTD
Unknown,2019-12-24T00:00:00,-49.348,70.218,2020-05-13T02:50:00,CTD-SRDL,,OceanOPS,OceanOPS,MEOP,9901323,,REGISTERED,MEOP-CTD
Unknown,2019-12-24T00:00:00,-49.348,70.218,2020-06-21T04:00:00,CTD-SRDL,,OceanOPS,OceanOPS,MEOP,9901309,,REGISTERED,MEOP-CTD
Unknown,2020-01-12T00:00:00,-49.348,70.218,2020-06-20T09:10:00,CTD-SRDL,,OceanOPS,OceanOPS,MEOP,9901326,,REGISTERED,MEOP-CTD
Unknown,2020-01-12T00:00:00,-49.348,70.218,2020-05-27T15:10:00,CTD-SRDL,,OceanOPS,OceanOPS,MEOP,9901330,,REGISTERED,MEOP-CTD
Unknown,2019-12-24T00:00:00,-49.348,70.218,2020-07-14T14:40:00,CTD-SRDL,,OceanOPS,OceanOPS,MEOP,9901291,,REGISTERED,MEOP-CTD
Unknown,2020-02-10T00:00:00,-77.85,166.67,2020-07-16T01:50:00,CTD-SRDL,,OceanOPS,OceanOPS,MEOP,9901383,,REGISTERED,MEOP-CTD
Unknown,2020-02-10T00:00:00,-77.85,166.67,2020-05-07T11:00:00,CTD-SRDL,,OceanOPS,OceanOPS,MEOP,9901380,,REGISTERED,MEOP-CTD
Unknown,2020-02-10T00:00:00,-77.85,166.67,2020-07-15T03:10:00,CTD-SRDL,,OceanOPS,OceanOPS,MEOP,9901364,,REGISTERED,MEOP-CTD
Unknown,2020-02-10T00:00:00,-77.85,166.67,2020-07-08T22:10:00,CTD-SRDL,,OceanOPS,OceanOPS,MEOP,9901369,,REGISTERED,MEOP-CTD
Unknown,2020-02-10T00:00:00,-77.85,166.67,2020-07-15T07:20:00,CTD-SRDL,,OceanOPS,OceanOPS,MEOP,9901362,,REGISTERED,MEOP-CTD
Unknown,2020-02-10T00:00:00,-77.85,166.67,2020-05-17T09:00:00,CTD-SRDL,,OceanOPS,OceanOPS,MEOP,9901361,,REGISTERED,MEOP-CTD
Unknown,2020-02-10T00:00:00,-77.85,166.67,2020-07-16T11:00:00,CTD-SRDL,,OceanOPS,OceanOPS,MEOP,9901360,,REGISTERED,MEOP-CTD
Unknown,2020-02-20T00:00:00,-77.85,166.67,2020-07-16T07:50:00,CTD-SRDL,,OceanOPS,OceanOPS,MEOP,9901376,,REGISTERED,MEOP-CTD
Unknown,2020-02-10T00:00:00,-77.85,166.67,2020-04-01T16:00:00,CTD-SRDL,,OceanOPS,OceanOPS,MEOP,9901367,,REGISTERED,MEOP-CTD
Unknown,2020-02-10T00:00:00,-77.85,166.67,2020-07-15T10:00:00,CTD-SRDL,,OceanOPS,OceanOPS,MEOP,9901379,,REGISTERED,MEOP-CTD
Unknown,2020-02-10T00:00:00,-77.85,166.67,2020-07-16T02:20:00,CTD-SRDL,,OceanOPS,OceanOPS,MEOP,9901366,,REGISTERED,MEOP-CTD
Unknown,2020-02-10T00:00:00,-77.85,166.67,2020-07-15T09:40:00,CTD-SRDL,,OceanOPS,OceanOPS,MEOP,9901368,,REGISTERED,MEOP-CTD
Unknown,2020-02-10T00:00:00,-77.85,166.67,2020-06-17T09:10:00,CTD-SRDL,,OceanOPS,OceanOPS,MEOP,9901365,,REGISTERED,MEOP-CTD
Unknown,2020-02-10T00:00:00,-77.85,166.67,2020-07-16T08:10:00,CTD-SRDL,,OceanOPS,OceanOPS,MEOP,9901384,,REGISTERED,MEOP-CTD
Unknown,2020-02-10T00:00:00,-77.85,166.67,2020-07-09T05:30:00,CTD-SRDL,,OceanOPS,OceanOPS,MEOP,9901381,,REGISTERED,MEOP-CTD
Unknown,2020-02-20T00:00:00,-77.85,166.67,2020-07-16T08:50:00,CTD-SRDL,,OceanOPS,OceanOPS,MEOP,9901374,,REGISTERED,MEOP-CTD
Unknown,2020-02-10T00:00:00,-77.85,166.67,2020-06-23T01:40:00,CTD-SRDL,,OceanOPS,OceanOPS,MEOP,9901370,,REGISTERED,MEOP-CTD
Unknown,2020-02-10T00:00:00,-77.85,166.67,2020-07-15T19:10:00,CTD-SRDL,,OceanOPS,OceanOPS,MEOP,9901382,,REGISTERED,MEOP-CTD
Unknown,2019-12-24T00:00:00,-49.27,70.54,2020-07-15T20:40:00,CTD-SRDL,,OceanOPS,OceanOPS,MEOP,9901337,,REGISTERED,MEOP-CTD
Unknown,2019-12-24T00:00:00,-49.27,70.54,2020-05-05T23:40:00,CTD-SRDL,,OceanOPS,OceanOPS,MEOP,9901331,,REGISTERED,MEOP-CTD
Unknown,2019-12-24T00:00:00,-49.27,70.54,2020-07-16T09:20:00,CTD-SRDL,,OceanOPS,OceanOPS,MEOP,9901335,,REGISTERED,MEOP-CTD
Unknown,2019-12-24T00:00:00,-49.27,70.54,2020-05-21T07:30:00,CTD-SRDL,,OceanOPS,OceanOPS,MEOP,9901333,,REGISTERED,MEOP-CTD
Unknown,2019-12-24T00:00:00,-49.27,70.54,2020-04-29T10:20:00,CTD-SRDL,,OceanOPS,OceanOPS,MEOP,9901322,,REGISTERED,MEOP-CTD
Unknown,2019-12-24T00:00:00,-49.27,70.54,2020-07-16T07:10:00,CTD-SRDL,,OceanOPS,OceanOPS,MEOP,9901339,,REGISTERED,MEOP-CTD
Unknown,2019-12-24T00:00:00,-49.27,70.54,2020-03-10T20:00:00,CTD-SRDL,,OceanOPS,OceanOPS,MEOP,9901329,,REGISTERED,MEOP-CTD
Unknown,2019-12-24T00:00:00,-49.27,70.54,2020-04-29T23:40:00,CTD-SRDL,,OceanOPS,OceanOPS,MEOP,9901338,,REGISTERED,MEOP-CTD
Unknown,2019-12-24T00:00:00,-49.27,70.54,2020-07-16T15:30:00,CTD-SRDL,,OceanOPS,OceanOPS,MEOP,9901332,,REGISTERED,MEOP-CTD
Unknown,2020-02-01T00:00:00,-73.856,-103.03,2020-03-17T07:30:00,CTD-SRDL,,OceanOPS,OceanOPS,MEOP,9901347,,REGISTERED,MEOP-CTD
Unknown,2020-02-01T00:00:00,-73.856,-103.03,2020-07-03T15:10:00,CTD-SRDL,,OceanOPS,OceanOPS,MEOP,9901345,,REGISTERED,MEOP-CTD
Unknown,2020-02-01T00:00:00,-73.856,-103.03,2020-07-16T01:30:00,CTD-SRDL,,OceanOPS,OceanOPS,MEOP,9901349,,REGISTERED,MEOP-CTD
Unknown,2020-03-10T00:00:00,-73.856,-103.03,2020-07-15T19:50:00,CTD-SRDL,,OceanOPS,OceanOPS,MEOP,9901386,,REGISTERED,MEOP-CTD
Unknown,2020-03-10T00:00:00,-73.856,-103.03,2020-03-13T19:00:00,CTD-SRDL,,OceanOPS,OceanOPS,MEOP,9901385,,REGISTERED,MEOP-CTD
Unknown,2020-02-01T00:00:00,-73.856,-103.03,2020-04-25T14:10:00,CTD-SRDL,,OceanOPS,OceanOPS,MEOP,9901346,,REGISTERED,MEOP-CTD
Unknown,2020-02-01T00:00:00,-73.856,-103.03,2020-04-27T04:00:00,CTD-SRDL,,OceanOPS,OceanOPS,MEOP,9901344,,REGISTERED,MEOP-CTD
Unknown,2020-02-21T00:00:00,-73.856,-103.03,2020-06-28T15:20:00,CTD-SRDL,,OceanOPS,OceanOPS,MEOP,9901373,,REGISTERED,MEOP-CTD
Unknown,2020-02-21T00:00:00,-73.856,-103.03,2020-07-15T08:20:00,CTD-SRDL,,OceanOPS,OceanOPS,MEOP,9901371,,REGISTERED,MEOP-CTD
Unknown,2020-02-21T00:00:00,-73.856,-103.03,2020-05-13T05:00:00,CTD-SRDL,,OceanOPS,OceanOPS,MEOP,9901372,,REGISTERED,MEOP-CTD
Unknown,2019-10-12T00:00:00,-49.348,70.218,2019-11-27T18:00:00,CTD-SRDL,,OceanOPS,OceanOPS,MEOP,9901258,,REGISTERED,MEOP-CTD
Unknown,2019-10-12T00:00:00,-49.348,70.218,2020-01-02T05:00:00,CTD-SRDL,,OceanOPS,OceanOPS,MEOP,9901268,,REGISTERED,MEOP-CTD
Unknown,2019-10-12T00:00:00,-49.348,70.218,2020-01-01T17:00:00,CTD-SRDL,,OceanOPS,OceanOPS,MEOP,9901264,,REGISTERED,MEOP-CTD
Unknown,2019-10-12T00:00:00,-49.348,70.218,2020-01-15T05:00:00,CTD-SRDL,,OceanOPS,OceanOPS,MEOP,9901267,,REGISTERED,MEOP-CTD
Unknown,2019-10-12T00:00:00,-49.348,70.218,2020-01-13T09:20:00,CTD-SRDL,,OceanOPS,OceanOPS,MEOP,9901263,,REGISTERED,MEOP-CTD
Unknown,2019-10-12T00:00:00,-49.348,70.218,2020-01-06T17:00:00,CTD-SRDL,,OceanOPS,OceanOPS,MEOP,9901269,,REGISTERED,MEOP-CTD
Unknown,2019-10-12T00:00:00,-49.348,70.218,2019-11-10T00:00:00,CTD-SRDL,,OceanOPS,OceanOPS,MEOP,9901266,,REGISTERED,MEOP-CTD
Unknown,2019-10-12T00:00:00,-49.348,70.218,2020-01-05T23:00:00,CTD-SRDL,,OceanOPS,OceanOPS,MEOP,9901274,,REGISTERED,MEOP-CTD
Unknown,2019-10-12T00:00:00,-49.348,70.218,2020-01-02T17:10:00,CTD-SRDL,,OceanOPS,OceanOPS,MEOP,9901265,,REGISTERED,MEOP-CTD
Unknown,2019-10-12T00:00:00,-49.348,70.218,2019-12-12T08:20:00,CTD-SRDL,,OceanOPS,OceanOPS,MEOP,9901259,,REGISTERED,MEOP-CTD
Unknown,2019-10-12T00:00:00,-49.348,70.218,2019-11-08T14:20:00,CTD-SRDL,,OceanOPS,OceanOPS,MEOP,9901270,,REGISTERED,MEOP-CTD
Australia,2017-02-12T10:20:00,-77.7596,166.2306,,CTD-SRDL,ct119-300-14,"MEOP, OceanOPS",OceanOPS,MEOP IMOS,9900906,,OPERATIONAL,MEOP-CTD
Australia,2017-07-29T05:40:00,-75.1592,-32.0564,,CTD-SRDL,ct128-246BAT-12,MEOP,,MEOP IMOS,9900920,,OPERATIONAL,MEOP-CTD
Australia,2017-04-07T13:40:00,-67.8072,75.2984,,CTD-SRDL,ct134-164-15,MEOP,,MEOP IMOS,9900910,,OPERATIONAL,MEOP-CTD
Australia,2017-03-15T01:40:00,-68.5899,77.5668,,CTD-SRDL,ct134-165-15,MEOP,,MEOP IMOS,9900911,,OPERATIONAL,MEOP-CTD
Australia,2017-04-26T07:20:00,-68.6626,77.337,,CTD-SRDL,ct134-276-14,MEOP,,MEOP IMOS,9900796,,OPERATIONAL,MEOP-CTD
Australia,2017-08-08T11:30:00,-49.0316,70.3886,,CTD-SRDL,ct134-277-14,MEOP,,MEOP IMOS,9900797,,OPERATIONAL,MEOP-CTD
Australia,2017-08-19T23:00:00,-52.7808,74.864,,CTD-SRDL,ct134-295-14,MEOP,,MEOP IMOS,9900799,,OPERATIONAL,MEOP-CTD
Australia,2017-07-25T18:20:00,-54.1391,60.6127,,CTD-SRDL,ct134-301-14,MEOP,,MEOP IMOS,9900801,,OPERATIONAL,MEOP-CTD
Australia,2017-04-13T19:10:00,-68.2698,72.6789,,CTD-SRDL,ct134-303-14,MEOP,,MEOP IMOS,9900802,,OPERATIONAL,MEOP-CTD
Australia,2017-08-21T04:50:00,-56.8047,49.691,,CTD-SRDL,ct134-304-14,MEOP,,MEOP IMOS,9900803,,OPERATIONAL,MEOP-CTD
Australia,2017-08-21T01:20:00,-64.5528,70.0522,,CTD-SRDL,ct135-084BAT-14,MEOP,,MEOP IMOS,9900909,,OPERATIONAL,MEOP-CTD
Australia,2017-08-21T01:20:00,-62.2253,44.2146,,CTD-SRDL,ct135-184BAT-14,MEOP,,MEOP IMOS,9900899,,OPERATIONAL,MEOP-CTD
Australia,2017-08-21T07:30:00,-55.7969,55.0431,,CTD-SRDL,ct135-186BAT-14,MEOP,,MEOP IMOS,9900900,,OPERATIONAL,MEOP-CTD
Australia,2017-08-10T07:30:00,-51.6489,70.1187,,CTD-SRDL,ct135-188BAT-14,MEOP,,MEOP IMOS,9900901,,OPERATIONAL,MEOP-CTD
Australia,2017-08-21T07:20:00,-52.0865,45.8251,,CTD-SRDL,ct135-190BAT-14,MEOP,,MEOP IMOS,9900907,,OPERATIONAL,MEOP-CTD
Australia,2017-08-21T23:00:00,-61.0303,36.0061,,CTD-SRDL,ct135-297BAT-13,MEOP,,MEOP IMOS,9900902,,OPERATIONAL,MEOP-CTD
Australia,2017-08-21T13:10:00,-66.6558,35.3291,,CTD-SRDL,ct135-937BAT-14,MEOP,,MEOP IMOS,9900903,,OPERATIONAL,MEOP-CTD
Australia,2017-08-21T19:00:00,-58.6303,65.3274,,CTD-SRDL,ct135-939BAT-14,MEOP,,MEOP IMOS,9900904,,OPERATIONAL,MEOP-CTD
Australia,2017-08-20T23:40:00,-50.9145,65.4629,,CTD-SRDL,ct135-965BAT-14,MEOP,,MEOP IMOS,9900905,,OPERATIONAL,MEOP-CTD
Australia,2017-05-09T12:10:00,-65.621,52.2579,,CTD-SRDL,ct135-892BAT-12,MEOP,,MEOP IMOS,TMP690659183,,OPERATIONAL,MEOP-CTD
Australia,2017-02-15T00:10:00,-52.2685,76.0328,,CTD-SRDL,ct135-966BAT-14,MEOP,,MEOP IMOS,TMP1174619377,,OPERATIONAL,MEOP-CTD
Canada,2019-03-15T00:00:00,48.07,-60.46,2019-06-19T04:55:00,CTD-SRDL,,"AtlantOS, OceanOPS",OceanOPS,MEOP Canada,9901225,,REGISTERED,MEOP-CTD
Canada,2019-03-15T00:00:00,48.07,-60.46,2019-06-28T05:10:00,CTD-SRDL,,"AtlantOS, OceanOPS",OceanOPS,MEOP Canada,9901224,,REGISTERED,MEOP-CTD
Canada,2019-03-15T00:00:00,48.07,-60.46,2019-06-09T13:10:00,CTD-SRDL,,"AtlantOS, OceanOPS",OceanOPS,MEOP Canada,9901223,,REGISTERED,MEOP-CTD
Canada,2019-03-15T00:00:00,48.07,-60.46,2019-06-12T20:15:00,CTD-SRDL,,"AtlantOS, OceanOPS",OceanOPS,MEOP Canada,9901222,,REGISTERED,MEOP-CTD
Canada,2019-03-15T00:00:00,48.07,-60.46,2019-06-09T05:55:00,CTD-SRDL,,"AtlantOS, OceanOPS",OceanOPS,MEOP Canada,9901221,,REGISTERED,MEOP-CTD
China,2017-08-20T05:40:00,-46.5477,66.4062,,CTD-SRDL,ct133-156-15,MEOP,,MEOP China,9900908,,OPERATIONAL,MEOP-CTD
China,2017-04-06T04:30:00,-64.0871,73.5706,,CTD-SRDL,ct133-160-15,MEOP,,MEOP China,9900917,,OPERATIONAL,MEOP-CTD
France,2017-01-09T05:10:00,-49.5214,70.4638,,CTD-SRDL,ct131-035BAT2-15,MEOP,,MEOP SO-MEMO,9900892,,OPERATIONAL,MEOP-CTD
France,2017-01-14T05:00:00,-49.5082,70.3476,,CTD-SRDL,ct131-048BAT2-15,MEOP,,MEOP SO-MEMO,9900890,,OPERATIONAL,MEOP-CTD
France,2017-01-17T01:00:00,-49.4173,70.617,,CTD-SRDL,ct131-049BAT2-16,MEOP,,MEOP SO-MEMO,9900893,,OPERATIONAL,MEOP-CTD
France,2017-01-19T22:50:00,-49.361,70.4911,,CTD-SRDL,ct131-075BAT-16,MEOP,,MEOP SO-MEMO,9900894,,OPERATIONAL,MEOP-CTD
France,2017-01-13T23:00:00,-49.2068,70.5135,,CTD-SRDL,ct131-265BAT2-16,MEOP,,MEOP SO-MEMO,9900898,,OPERATIONAL,MEOP-CTD
France,2017-02-23T08:10:00,-49.9885,76.6035,,CTD-SRDL,ct131-C2BAT3-12,MEOP,,MEOP SO-MEMO,9900895,,OPERATIONAL,MEOP-CTD
France,2017-04-07T13:10:00,-75.3152,-29.4522,,CTD-SRDL,wd09-408-16,MEOP,,MEOP SO-MEMO,9900912,,OPERATIONAL,MEOP-CTD
France,2017-06-26T13:50:00,-75.2258,-27.5963,,CTD-SRDL,wd09-414-16,MEOP,,MEOP SO-MEMO,9900913,,OPERATIONAL,MEOP-CTD
France,2017-06-30T15:10:00,-72.1017,-39.9088,,CTD-SRDL,wd09-412-16,MEOP,,MEOP SO-MEMO,TMP290992485,,OPERATIONAL,MEOP-CTD
France,2018-10-20T00:00:00,-42.555,-63.6,2019-05-22T15:10:00,CTD-SRDL,,"AtlantOS, OceanOPS",OceanOPS,MEOP SO-MEMO,9901127,,REGISTERED,MEOP-CTD
France,2018-10-20T00:00:00,-42.555,-63.6,2019-01-09T11:00:00,CTD-SRDL,,"AtlantOS, OceanOPS",OceanOPS,MEOP SO-MEMO,9901128,,REGISTERED,MEOP-CTD
France,2018-10-20T00:00:00,-42.555,-63.6,2019-05-22T15:10:00,CTD-SRDL,,"AtlantOS, OceanOPS",OceanOPS,MEOP SO-MEMO,9901126,,REGISTERED,MEOP-CTD
France,2019-10-15T00:00:00,-49.348,70.218,2020-01-07T17:10:00,CTD-SRDL,,OceanOPS,OceanOPS,MEOP SO-MEMO,9901277,,REGISTERED,MEOP-CTD
France,2019-10-15T00:00:00,-49.348,70.218,2019-11-29T23:10:00,CTD-SRDL,,OceanOPS,OceanOPS,MEOP SO-MEMO,9901272,,REGISTERED,MEOP-CTD
France,2019-10-15T00:00:00,-49.348,70.218,2019-12-20T23:30:00,CTD-SRDL,,OceanOPS,OceanOPS,MEOP SO-MEMO,9901288,,REGISTERED,MEOP-CTD
France,2019-10-15T00:00:00,-49.348,70.218,2019-12-31T11:10:00,CTD-SRDL,,OceanOPS,OceanOPS,MEOP SO-MEMO,9901262,,REGISTERED,MEOP-CTD
France,2019-10-15T00:00:00,-49.348,70.218,2020-01-03T23:20:00,CTD-SRDL,,OceanOPS,OceanOPS,MEOP SO-MEMO,9901278,,REGISTERED,MEOP-CTD
France,2019-10-15T00:00:00,-49.348,70.218,2019-12-24T11:10:00,CTD-SRDL,,OceanOPS,OceanOPS,MEOP SO-MEMO,9901261,,REGISTERED,MEOP-CTD
France,2019-10-15T00:00:00,-49.348,70.218,2019-12-30T06:00:00,CTD-SRDL,,OceanOPS,OceanOPS,MEOP SO-MEMO,9901271,,REGISTERED,MEOP-CTD
France,2019-10-15T00:00:00,-49.348,70.218,2019-12-21T17:10:00,CTD-SRDL,,OceanOPS,OceanOPS,MEOP SO-MEMO,9901276,,REGISTERED,MEOP-CTD
France,2019-10-15T00:00:00,-49.348,70.218,2019-12-18T23:00:00,CTD-SRDL,,OceanOPS,OceanOPS,MEOP SO-MEMO,9901289,,REGISTERED,MEOP-CTD
United Kingdom,2019-07-03T00:00:00,47.805,-61.444,2020-03-31T07:20:00,CTD-SRDL,,"AtlantOS, OceanOPS",OceanOPS,MEOP UK,9901246,,REGISTERED,MEOP-CTD
United Kingdom,2019-05-18T00:00:00,57.54,-7.6,2019-09-16T07:02:00,CTD-SRDL,,"AtlantOS, OceanOPS",OceanOPS,MEOP UK,9901239,,REGISTERED,MEOP-CTD
United Kingdom,2019-05-05T00:00:00,55.77,-6.15,2019-11-20T04:02:00,CTD-SRDL,,OceanOPS,OceanOPS,MEOP UK,9901229,,REGISTERED,MEOP-CTD
United Kingdom,2019-05-05T00:00:00,55.77,-6.15,2019-10-06T15:44:00,CTD-SRDL,,OceanOPS,OceanOPS,MEOP UK,9901228,,REGISTERED,MEOP-CTD
United Kingdom,2019-05-05T00:00:00,55.77,-6.15,2019-09-27T18:04:00,CTD-SRDL,,OceanOPS,OceanOPS,MEOP UK,9901231,,REGISTERED,MEOP-CTD
United Kingdom,2019-05-18T00:00:00,57.54,-7.6,2019-08-10T21:06:00,CTD-SRDL,,"AtlantOS, OceanOPS",OceanOPS,MEOP UK,9901236,,REGISTERED,MEOP-CTD
United Kingdom,2019-05-05T00:00:00,55.77,-6.15,2019-08-02T07:14:00,CTD-SRDL,,OceanOPS,OceanOPS,MEOP UK,9901230,,REGISTERED,MEOP-CTD
United Kingdom,2019-05-18T00:00:00,57.54,-7.6,2019-11-15T04:22:00,CTD-SRDL,,"AtlantOS, OceanOPS",OceanOPS,MEOP UK,9901237,,REGISTERED,MEOP-CTD
United Kingdom,2019-05-05T00:00:00,55.77,-6.15,2019-12-07T11:00:00,CTD-SRDL,,OceanOPS,OceanOPS,MEOP UK,9901232,,REGISTERED,MEOP-CTD
United Kingdom,2019-04-12T00:00:00,51.857,-5.344,2019-10-06T10:06:00,CTD-SRDL,,"AtlantOS, OceanOPS",OceanOPS,MEOP UK,9901227,,REGISTERED,MEOP-CTD
United Kingdom,2019-05-18T00:00:00,57.54,-7.6,2019-09-28T10:02:00,CTD-SRDL,,"AtlantOS, OceanOPS",OceanOPS,MEOP UK,9901235,,REGISTERED,MEOP-CTD
United Kingdom,2019-05-18T00:00:00,57.54,-7.6,2019-10-23T04:06:00,CTD-SRDL,,"AtlantOS, OceanOPS",OceanOPS,MEOP UK,9901234,,REGISTERED,MEOP-CTD
United Kingdom,2019-05-18T00:00:00,57.54,-7.6,2019-12-10T22:04:00,CTD-SRDL,,"AtlantOS, OceanOPS",OceanOPS,MEOP UK,9901238,,REGISTERED,MEOP-CTD
United Kingdom,2019-05-18T00:00:00,57.54,-7.6,2019-11-07T20:36:00,CTD-SRDL,,"AtlantOS, OceanOPS",OceanOPS,MEOP UK,9901233,,REGISTERED,MEOP-CTD
United Kingdom,2019-04-17T00:00:00,51.857,-5.344,2019-09-05T11:08:00,CTD-SRDL,,"AtlantOS, OceanOPS",OceanOPS,MEOP UK,9901226,,REGISTERED,MEOP-CTD
United States,2019-06-03T00:00:00,37.116,-122.331,2019-12-02T02:10:00,CTD-SRDL,,OceanOPS,OceanOPS,MEOP USA,9901242,,REGISTERED,MEOP-CTD
United States,2020-06-10T00:00:00,37.116,-122.331,2020-07-16T09:50:00,CTD-SRDL,,OceanOPS,OceanOPS,MEOP USA,9901387,,REGISTERED,MEOP-CTD
United States,2019-06-03T00:00:00,37.116,-122.331,2020-01-14T03:10:00,CTD-SRDL,,OceanOPS,OceanOPS,MEOP USA,9901241,,REGISTERED,MEOP-CTD
United States,2019-06-03T00:00:00,37.116,-122.331,2020-03-12T01:20:00,CTD-SRDL,,OceanOPS,OceanOPS,MEOP USA,9901375,,REGISTERED,MEOP-CTD
United States,2019-06-03T00:00:00,37.116,-122.331,2019-10-18T00:10:00,CTD-SRDL,,OceanOPS,OceanOPS,MEOP USA,9901240,,REGISTERED,MEOP-CTD
United States,2019-08-01T00:00:00,69.3,-50.5,2020-02-23T18:03:00,CTD-SRDL,,OceanOPS,OceanOPS,MEOP USA,9901251,,REGISTERED,MEOP-CTD
United States,2019-07-19T00:00:00,69.3,-50.5,2019-11-27T12:13:00,CTD-SRDL,,OceanOPS,OceanOPS,MEOP USA,9901248,,REGISTERED,MEOP-CTD
United States,2019-08-01T00:00:00,69.3,-50.5,2020-04-04T14:42:00,CTD-SRDL,,OceanOPS,OceanOPS,MEOP USA,9901252,,REGISTERED,MEOP-CTD
United States,2019-07-19T00:00:00,69.3,-50.5,2020-03-18T16:22:00,CTD-SRDL,,OceanOPS,OceanOPS,MEOP USA,9901250,,REGISTERED,MEOP-CTD
United States,2019-07-19T00:00:00,69.3,-50.5,2020-04-15T16:02:00,CTD-SRDL,,OceanOPS,OceanOPS,MEOP USA,9901249,,REGISTERED,MEOP-CTD
United States,2018-10-12T00:00:00,33.26,-119.5,2019-04-16T14:10:00,CTD-SRDL,,OceanOPS,OceanOPS,MEOP USA,9901196,,REGISTERED,MEOP-CTD
United States,2019-01-01T00:00:00,33.26,-119.5,2020-03-04T20:40:00,CTD-SRDL,,OceanOPS,OceanOPS,MEOP USA,9901194,,REGISTERED,MEOP-CTD
United States,2019-01-01T00:00:00,33.26,-119.5,2020-03-31T16:40:00,CTD-SRDL,,OceanOPS,OceanOPS,MEOP USA,9901210,,REGISTERED,MEOP-CTD
United States,2019-01-01T00:00:00,37.11,-122.34,2019-03-25T01:20:00,CTD-SRDL,,OceanOPS,OceanOPS,MEOP USA,9901195,,REGISTERED,MEOP-CTD
United States,2019-01-01T00:00:00,37.11,-122.34,2019-05-17T01:10:00,CTD-SRDL,,OceanOPS,OceanOPS,MEOP USA,9901211,,REGISTERED,MEOP-CTD
United States,2019-09-09T00:00:00,69.6,-162,2019-12-20T13:04:00,CTD-SRDL,,OceanOPS,OceanOPS,MEOP USA,9901253,,REGISTERED,MEOP-CTD
United States,2019-06-20T00:00:00,69.6,-162,2019-12-11T23:54:00,CTD-SRDL,,OceanOPS,OceanOPS,MEOP USA,9901244,,REGISTERED,MEOP-CTD
United States,2019-09-17T00:00:00,69.6,-162,2020-04-19T23:02:00,CTD-SRDL,,OceanOPS,OceanOPS,MEOP USA,9901255,,REGISTERED,MEOP-CTD
United States,2019-06-20T00:00:00,69.6,-162,2019-09-15T01:40:00,CTD-SRDL,,OceanOPS,OceanOPS,MEOP USA,9901243,,REGISTERED,MEOP-CTD
United States,2019-06-20T00:00:00,69.6,-162,2020-04-03T02:06:00,CTD-SRDL,,OceanOPS,OceanOPS,MEOP USA,9901245,,REGISTERED,MEOP-CTD
United States,2019-09-17T00:00:00,69.6,-162,2020-05-11T23:00:00,CTD-SRDL,,OceanOPS,OceanOPS,MEOP USA,9901257,,REGISTERED,MEOP-CTD
United States,2019-09-17T00:00:00,69.6,-162,2020-01-20T14:08:00,CTD-SRDL,,OceanOPS,OceanOPS,MEOP USA,9901254,,REGISTERED,MEOP-CTD
United States,2019-09-17T00:00:00,69.6,-162,2020-04-04T02:02:00,CTD-SRDL,,OceanOPS,OceanOPS,MEOP USA,9901256,,REGISTERED,MEOP-CTD
United States,2019-07-04T00:00:00,69.6,-163.7,2019-09-15T19:00:00,CTD-SRDL,,OceanOPS,OceanOPS,MEOP USA,9901247,,REGISTERED,MEOP-CTD
Sweden,2017-02-22T20:22:00,58.5288,17.1771,,CTD-SRDL,hg47-C1-15,MEOP,,MEOP Sweden,TMP-252466127,,OPERATIONAL,MEOP-CTD
Sweden,2017-02-27T11:01:00,56.8897,18.0936,,CTD-SRDL,hg47-C2-15,MEOP,,MEOP Sweden,TMP-630825403,,OPERATIONAL,MEOP-CTD
United Kingdom,2017-06-24T00:21:00,58.8006,-2.9718,,CTD-SRDL,hg53a-M545-17,MEOP,,GRA UK,9900927,,OPERATIONAL,MEOP-CTD
United Kingdom,2017-09-28T06:00:00,58.7406,-3.3816,,CTD-SRDL,hg53a-M543-17,"AtlantOS, MEOP",,GRA UK,9900928,,OPERATIONAL,MEOP-CTD
United Kingdom,2017-05-31T23:36:00,58.668,-3.0073,,CTD-SRDL,hg53a-M542-17,"AtlantOS, MEOP",,GRA UK,9900929,,OPERATIONAL,MEOP-CTD
United Kingdom,2017-10-05T12:03:00,57.3786,-0.9448,,CTD-SRDL,hg53a-M546-17,"AtlantOS, MEOP",,GRA UK,9900930,,OPERATIONAL,MEOP-CTD
United Kingdom,2017-11-21T18:00:00,55.4303,-7.3327,,CTD-SRDL,hg54a-M544-17,"AtlantOS, MEOP",,GRA UK,9900931,,OPERATIONAL,MEOP-CTD
United Kingdom,2017-07-25T17:45:00,55.9443,-6.2879,,CTD-SRDL,hg54a-M559-17,"AtlantOS, MEOP",,GRA UK,9900940,,OPERATIONAL,MEOP-CTD
United Kingdom,2017-07-06T06:00:00,55.141,-8.9991,,CTD-SRDL,hg54a-M564-17,"AtlantOS, MEOP",,GRA UK,9900932,,OPERATIONAL,MEOP-CTD
United Kingdom,2017-09-20T00:03:00,55.8635,-6.4776,,CTD-SRDL,hg54a-M565-17,"AtlantOS, MEOP",,GRA UK,9900933,,OPERATIONAL,MEOP-CTD
United Kingdom,2017-10-20T07:00:00,58.8995,-2.6807,,CTD-SRDL,hg54a-M566-17,MEOP,,GRA UK,9900941,,OPERATIONAL,MEOP-CTD
United Kingdom,2017-12-06T04:12:00,59.178,-6.6396,,CTD-SRDL,hg55a-M555-17,"AtlantOS, MEOP",,GRA UK,9900942,,OPERATIONAL,MEOP-CTD
United Kingdom,2017-11-18T21:00:00,54.6831,-10.3491,,CTD-SRDL,hg55a-M556-17,"AtlantOS, MEOP",,GRA UK,9900955,,OPERATIONAL,MEOP-CTD
United Kingdom,2017-09-15T15:09:00,56.4939,-7.6812,,CTD-SRDL,hg55a-M558-17,"AtlantOS, MEOP",,GRA UK,9900949,,OPERATIONAL,MEOP-CTD
United Kingdom,2017-08-04T09:09:00,56.9451,-9.0778,,CTD-SRDL,hg55a-M560-17,"AtlantOS, MEOP",,GRA UK,9900943,,OPERATIONAL,MEOP-CTD
United Kingdom,2017-09-04T21:03:00,58.2785,-6.9081,,CTD-SRDL,hg55a-M567-17,MEOP,,GRA UK,9900944,,OPERATIONAL,MEOP-CTD
United Kingdom,2017-11-19T10:54:00,53.5697,-5.9829,,CTD-SRDL,hg56a-M557-17,"AtlantOS, MEOP",,GRA UK,9900956,,OPERATIONAL,MEOP-CTD
United Kingdom,2017-07-20T18:00:00,53.5639,-3.4115,,CTD-SRDL,hg56a-M562-17,"AtlantOS, MEOP",,GRA UK,9900951,,OPERATIONAL,MEOP-CTD
United Kingdom,2017-09-21T06:00:00,54.1595,-4.8132,,CTD-SRDL,hg56a-M563-17,"AtlantOS, MEOP",,GRA UK,9900952,,OPERATIONAL,MEOP-CTD
United Kingdom,2017-09-19T02:06:00,53.4124,-3.5122,,CTD-SRDL,hg56a-M568-17,"AtlantOS, MEOP",,GRA UK,9900953,,OPERATIONAL,MEOP-CTD
United Kingdom,2017-08-08T18:48:00,51.9128,-5.26,,CTD-SRDL,hg56a-M569-17,MEOP,,GRA UK,9900954,,OPERATIONAL,MEOP-CTD
